<?xml version="1.0" encoding="UTF-8"?><root><date> 13-mar-1987 16:28:15.51 </date> <topics> </topics> <title> gener host gh appeal court rule </title> <body> gener host corp say feder district judg wichita kan affirm preliminari 1984 rule compani amerian salt co unit pollut groundwat near plant lyon kan compani say would appeal rule call actual damag 3.1 mln dlr punit damag 10 mln dlr gener host believ strong ground revers rule reiter includ provis loss financi statement american salt part gener host be industri inc unit agre state kansa carri effect clean-up plan compani say current rule feder judg cecil miller affirm august 1984 preliminari rule suit brought 1977 group local landown gener host spokesman say </body></root>